1,lesson_name_1,2023-07-05 10:03:29,1,9
2,lesson_name_2,2023-07-05 10:03:29,7,7
3,lesson_name_3,2023-07-05 10:03:29,8,6
4,lesson_name_4,2023-07-05 10:03:29,1,9
5,lesson_name_5,2023-07-05 10:03:29,4,7
6,lesson_name_6,2023-07-05 10:03:29,4,6
7,lesson_name_7,2023-07-05 10:03:29,5,6
8,lesson_name_8,2023-07-05 10:03:29,6,4
9,lesson_name_9,2023-07-05 10:03:29,8,1
10,lesson_name_10,2023-07-05 10:03:29,5,8
11,lesson_name_11,2023-07-05 10:03:29,3,3
12,lesson_name_12,2023-07-05 10:03:29,7,9
13,lesson_name_13,2023-07-05 10:03:29,4,3
14,lesson_name_14,2023-07-05 10:03:29,2,2
15,lesson_name_15,2023-07-05 10:03:29,1,1
16,lesson_name_16,2023-07-05 10:03:29,7,5
17,lesson_name_17,2023-07-05 10:03:29,6,6
18,lesson_name_18,2023-07-05 10:03:29,7,2
19,lesson_name_19,2023-07-05 10:03:29,1,7
20,lesson_name_20,2023-07-05 10:03:29,4,8
